iso_code;continent;location;last_updated_date;total_cases;new_cases;new_cases_smoothed;total_deaths;new_deaths;new_deaths_smoothed;total_cases_per_million;new_cases_per_million;new_cases_smoothed_per_million;total_deaths_per_million;new_deaths_per_million;new_deaths_smoothed_per_million;reproduction_rate;icu_patients;icu_patients_per_million;hosp_patients;hosp_patients_per_million;weekly_icu_admissions;weekly_icu_admissions_per_million;weekly_hosp_admissions;weekly_hosp_admissions_per_million;total_tests;new_tests;total_tests_per_thousand;new_tests_per_thousand;new_tests_smoothed;new_tests_smoothed_per_thousand;positive_rate;tests_per_case;tests_units;total_vaccinations;people_vaccinated;people_fully_vaccinated;total_boosters;new_vaccinations;new_vaccinations_smoothed;total_vaccinations_per_hundred;people_vaccinated_per_hundred;people_fully_vaccinated_per_hundred;total_boosters_per_hundred;new_vaccinations_smoothed_per_million;new_people_vaccinated_smoothed;new_people_vaccinated_smoothed_per_hundred;stringency_index;population_density;median_age;aged_65_older;aged_70_older;gdp_per_capita;extreme_poverty;cardiovasc_death_rate;diabetes_prevalence;female_smokers;male_smokers;handwashing_facilities;hospital_beds_per_thousand;life_expectancy;human_development_index;population;excess_mortality_cumulative_absolute;excess_mortality_cumulative;excess_mortality;excess_mortality_cumulative_per_million
AFG;Asia;Afghanistan;18.01.2023;208034;25;19,143;7860;1;0,857;5058,114;0,608;0,465;191,107;0,024;0,021;;;;;;;;;;;;;;;;;;;12603486;11606705;10894509;;;7709;30,64;28,22;26,49;;187;7356;0,018;;54,422;18.sty;2,581;1,337;1803,987;;597,029;sty.00;;;37,746;0,5;64,83;0,511;41128772;;;;
OWID_AFR;;Africa;18.01.2023;12487337;1321;1221,286;257506;3;3,286;8752,377;0,926;0,856;180,486;0,002;0,002;;;;;;;;;;;;;;;;;;;749536821;484062812;398815369;66003692;15873;16280;52,54;33,93;27,95;sty.00;11;5126;0;;;;;;;;;;;;;;;;1426736614;;;;
ALB;Europe;Albania;18.01.2023;334084;20;12,714;3596;0;0;117539,276;7,037;4,473;1265,165;0;0;;;;;;;;;;;;;;;;;;;3042696;1344067;1272309;383982;;606;107,05;47,29;44,76;13,51;213;65;0,002;;104,871;38;13,188;8,643;11803,431;01.sty;304,195;10.sty;07.sty;51,2;;sty.00;78,57;0,795;2842318;;;;
DZA;Africa;Algeria;18.01.2023;271296;4;4;6881;0;0;6041,793;0,089;0,089;153,241;0;0;;;;;;;;;;;;;;;;;;;;;;;;;;;;;;;;;17,348;29.sty;6,211;3,857;13913,839;0,5;278,364;sty.00;0,7;30.sty;83,741;01.sty;76,88;0,748;44903228;;;;
AND;Europe;Andorra;18.01.2023;47781;0;0;165;0;0;598436,932;0;0;2066,556;0;0;;;;;;;;;;;;;;;;;;;;;;;;;;;;;;;;;163,755;;;;;;109,135;sty.00;29;37,8;;;83,73;0,868;79843;;;;
AGO;Africa;Angola;18.01.2023;105095;0;0;1930;0;0;2953,02;0;0;54,23;0;0;;;;;;;;;;;;;;;;;;;;;;;;;;;;;;;;;23,89;16.sty;2,405;1,362;5819,495;;276,045;sty.00;;;26,664;;61,15;0,581;35588996;;;;
AIA;North America;Anguilla;18.01.2023;3904;0;0;12;0;0;245890,282;0;0;755,81;0;0;;;;;;;;;;;;;;;;;;;24474;10853;10377;3244;;1;154,15;68,36;65,36;20,43;63;0;0;;;;;;;;;;;;;;81,88;;15877;;;;
ATG;North America;Antigua and Barbuda;18.01.2023;9106;0;0;146;0;0;97107,879;0;0;1556,968;0;0;;;;;;;;;;;;;;;;;;;;;;;;;;;;;;;;;231,845;32,1;6,933;4,631;21490,943;;191,511;13,17;;;;03.sty;77,02;0,778;93772;;;;
ARG;South America;Argentina;18.01.2023;10024095;19416;2773,714;130338;89;12,714;220259,803;426,628;60,947;2863,922;1,956;0,279;;;;;;;;;;;;;;;;;;;113730559;41431807;34797937;34675834;5;35710;249,9;91,04;76,46;76,19;785;870;0,002;;16,177;31,9;11,198;7,441;18933,907;0,6;191,032;05.sty;16.sty;27.sty;;5;76,67;0,845;45510324;;;;
ARM;Asia;Armenia;18.01.2023;446008;0;4,571;8717;0;0,143;160407,298;0;1,644;3135,079;0;0,051;;;;;;;;;;;;;;;;;;;;;;;;;;;;;;;;;102,931;35,7;11,232;7,571;8787,58;01.sty;341,01;07.sty;01.sty;52,1;94,043;04.sty;75,09;0,776;2780472;;;;
ABW;North America;Aruba;18.01.2023;43965;29;15;281;0;0,143;412975,887;272,405;140,899;2639,514;0;1,342;;;;;;;;;;;;;;;;;;;174237;90199;84038;;10;5;163,67;84,73;78,94;;47;2;0,002;;584,8;41,2;13,085;7,452;35973,781;;;sty.00;;;;;76,29;;106459;;;;
OWID_ASI;;Asia;18.01.2023;207635525;185432;189257,714;1528179;637;614,429;43977,688;39,275;40,085;323,672;0,135;0,13;;;;;;;;;;;;;;;;;;;8937850647;3655551295;3415559700;1764570053;1993720;1654505;189,31;77,43;72,34;37,37;350;159749;0,003;;;;;;;;;;;;;;;;4721383370;;;;
AUS;Oceania;Australia;18.01.2023;11247412;6714;5984,571;17712;31;58,286;429660,994;256,481;228,616;676,614;1,184;2,227;;92;3,514;2843;108,605;;;;;;;;;;;;;;63634307;22235981;21655105;19743221;;3203;243,09;84,94;82,72;75,42;122;106;0;;3,202;37,9;15,504;10,129;44648,71;0,5;107,791;05.sty;13;16.sty;;sty.00;83,44;0,944;26177410;;;;
AUT;Europe;Austria;18.01.2023;5747540;2643;1888;21589;13;7,571;642929,11;295,65;211,195;2414,98;1,454;0,847;;58;6,488;835;93,404;;;;;;;;;;;;;;;;;;;;;;;;;;;;106,749;44,4;19,202;13,748;45436,686;0,7;145,183;sty.00;28.sty;30.sty;;sty.00;81,54;0,922;8939617;;;;
AZE;Asia;Azerbaijan;18.01.2023;827525;75;67,143;10060;6;3,857;79891,752;7,241;6,482;971,223;0,579;0,372;;;;;;;;;;;;;;;;;;;;;;;;;;;;;;;;;119,309;32,4;6,018;3,871;15847,419;;559,812;07.sty;0,3;42,5;83,241;04.sty;73;0,756;10358078;;;;
BHS;North America;Bahamas;18.01.2023;37491;0;0;833;0;0;91443,917;0;0;2031,762;0;0;;;;;;;;;;;;;;;;;;;;;;;;;;;;;;;;;39,497;34,3;8,996;05.sty;27717,847;;235,954;13,17;03.sty;20.sty;;02.sty;73,92;0,814;409989;;;;
BHR;Asia;Bahrain;18.01.2023;699761;61;56,143;1540;0;0,143;475304,588;41,434;38,134;1046,027;0;0,097;;;;;;;;;;;;;;;;;;;;;;;;;;;;;;;;;1935,907;32,4;2,372;1,387;43290,705;;151,689;16,52;05.sty;37,6;;2;77,29;0,852;1472237;;;;
BGD;Asia;Bangladesh;18.01.2023;2037399;13;10,286;29441;0;0;11901,643;0,076;0,06;171,982;0;0;;;;;;;;;;;;;;;;;;;346044434;150629515;131182263;65672743;1692012;536853;202,14;87,99;76,63;38,36;3136;34761;0,02;;1265,036;27.sty;5,098;3,262;3523,984;14.sty;298,003;sty.00;1;44,7;34,808;0,8;72,59;0,632;171186368;;;;
BRB;North America;Barbados;18.01.2023;105905;0;0;569;0;0;376021,673;0;0;2020,267;0;0;;;;;;;;;;;;;;;;;;;381013;163833;155010;62170;;2;135,28;58,17;55,04;22.sty;7;1;0;;664,463;39,8;14,952;9,473;16978,068;;170,05;13,57;01.sty;14.sty;88,469;05.sty;79,19;0,814;281646;;;;
BLR;Europe;Belarus;18.01.2023;994037;0;0;7118;0;0;104251,871;0;0;746,516;0;0;;;;;;;;;;;;;;;;;;;18630189;6522522;6407034;5597055;;36327;195,39;68,41;67,2;58,7;3810;129;0,001;;46,858;40,3;14,799;9,788;17167,967;;443,129;sty.00;10.sty;46,1;;11;74,79;0,823;9534956;;;;
BEL;Europe;Belgium;18.01.2023;4686147;3913;559;33478;83;11,857;402039,976;335,709;47,958;2872,188;7,121;1,017;;76;sty.00;1025;87,938;;;457;39,208;;;;;;;;;;29593429;9264433;9167087;11592493;1826;1004;253,89;79,48;78,65;99,46;86;22;0;;375,564;41,8;18,571;12,849;42658,576;0,2;114,898;sty.00;25.sty;31,4;;sty.00;81,63;0,931;11655923;;;;
BLZ;North America;Belize;18.01.2023;70555;158;22,571;688;0;0;174087,371;389,849;55,693;1697,571;0;0;;;;;;;;;;;;;;;;;;;501996;251874;221288;51139;;6;123,86;62,15;54,6;sty.00;15;2;0;;16,426;25;3,853;2,279;7824,362;;176,957;17.sty;;;90,083;01.sty;74,62;0,716;405285;;;;
BEN;Africa;Benin;18.01.2023;27989;0;1;163;0;0;2096,105;0;0,075;12,207;0;0;;;;;;;;;;;;;;;;;;;;;;;;;;;;;;;;;99,11;18.sty;3,244;1,942;2064,236;49,6;235,848;0,99;0,6;12.sty;11,035;0,5;61,77;0,545;13352864;;;;
BMU;North America;Bermuda;18.01.2023;18751;33;4,714;157;2;0,286;292039,809;513,963;73,423;2445,216;31,149;sty.00;;;;;;;;;;;;;;;;;;;;;;;;;;;;;;;;;1308,82;;;;50669,315;;139,547;13;;;;;82,59;;64207;;;;
BTN;Asia;Bhutan;18.01.2023;62577;0;3,714;21;0;0;79975,002;0;4,747;26,839;0;0;;;;;;;;;;;;;;;;;;;;;;;;;;;;;;;;;21,188;28.sty;4,885;2,977;8708,597;01.sty;217,066;sty.00;;;79,807;01.sty;71,78;0,654;782457;;;;
BOL;South America;Bolivia;18.01.2023;1181351;975;951;22337;0;1,857;96641,033;79,76;77,797;1827,29;0;0,152;;;;;;;;;;;;;;;;;;;;;;;;;;;;;;;;;10,202;25.sty;6,704;4,393;6885,829;07.sty;204,299;sty.00;;;25,383;01.sty;71,51;0,718;12224114;;;;
BES;North America;Bonaire Sint Eustatius and Saba;18.01.2023;11779;3;2,143;41;0;0;435420,671;110,898;79,213;1515,6;0;0;;;;;;;;;;;;;;;;;;;;;;;;;;;;;;;;;;;;;;;;;;;;;77,79;;27052;;;;
BIH;Europe;Bosnia and Herzegovina;18.01.2023;401232;6;11,429;16244;1;0,714;124084,824;1,856;3,534;5023,612;0,309;0,221;;;;;;;;;;;;;;;;;;;;;;;;;;;;;;;;;68,496;42,5;16,569;10,711;11713,895;0,2;329,635;10.sty;30,2;47,7;97,164;03.sty;77,4;0,78;3233530;;;;
BWA;Africa;Botswana;18.01.2023;328581;0;50,143;2795;0;0;124921,492;0;19,064;1062,616;0;0;;;;;;;;;;;;;;;;;;;;;;;;;;;;;;;;;4,044;25.sty;3,941;2,242;15807,374;;237,372;sty.00;05.sty;34,4;;01.sty;69,59;0,735;2630300;;;;
BRA;South America;Brazil;18.01.2023;36677844;12425;14139,857;695615;91;75,286;170346,232;57,707;65,671;3230,708;0,423;0,35;;;;;;;;;;;;;;;;;;;482569045;188944039;175319625;124055944;853;34153;224,12;87,75;81,43;57,62;159;17598;0,008;;25.sty;33,5;8,552;05.sty;14103,452;03.sty;177,961;08.sty;10.sty;17.sty;;02.sty;75,88;0,765;215313504;;;;
VGB;North America;British Virgin Islands;18.01.2023;7305;0;0;64;0;0;233148,219;0;0;2042,64;0;0;;;;;;;;;;;;;;;;;;;;;;;;;;;;;;;;;207,973;;;;;;;13,67;;;;;79,07;;31332;;;;
BRN;Asia;Brunei;18.01.2023;274217;1571;224,429;225;0;0;610725,565;3498,871;499,839;501,111;0;0;;;;;;;;;;;;;;;;;;;;;;;;;;;;;;;;;81,347;32,4;4,591;2,382;71809,251;;201,285;sty.00;2;30.sty;;02.sty;75,86;0,838;449002;;;;
BGR;Europe;Bulgaria;18.01.2023;1294604;129;113,143;38154;4;2,714;190889,5;19,021;16,683;5625,811;0,59;0,4;;41;6,045;370;54,557;;;;;;;;;;;;;;4605718;2105767;2075242;;157;144;67,91;31.sty;30.sty;;21;36;0,001;;65,18;44,7;20,801;13,272;18563,307;01.sty;424,688;sty.00;30.sty;44,4;;7,454;75,05;0,816;6781955;;;;
BFA;Africa;Burkina Faso;18.01.2023;22025;0;0;396;0;0;971,387;0;0;17,465;0;0;;;;;;;;;;;;;;;;;;;;;;;;;;;;;;;;;70,151;17.sty;2,409;1,358;1703,102;43,7;269,048;sty.00;01.sty;23.sty;11,877;0,4;61,58;0,452;22673764;;;;
BDI;Africa;Burundi;18.01.2023;52429;49;7;38;0;0;4067,548;3,802;0,543;2,948;0;0;;;;;;;;;;;;;;;;;;;;;;;;;;;;;;;;;423,062;17.sty;2,562;1,504;702,225;71,7;293,068;06.sty;;;6,144;0,8;61,58;0,433;12889583;;;;
KHM;Asia;Cambodia;18.01.2023;138668;3;3,714;3056;0;0;8269,873;0,179;0,222;182,254;0;0;;;;;;;;;;;;;;;;;;;45271453;15244858;14609937;10433215;;7760;269,99;90,92;87,13;62,22;463;413;0,002;;90,672;25.sty;4,412;2,385;3645,07;;270,892;4;2;33,7;66,229;0,8;69,82;0,594;16767851;;;;
CMR;Africa;Cameroon;18.01.2023;123993;0;0;1965;0;0;4441,878;0;0;70,393;0;0;;;;;;;;;;;;;;;;;;;;;;;;;;;;;;;;;50,885;18.sty;3,165;1,919;3364,926;23.sty;244,661;07.sty;;;2,735;01.sty;59,29;0,563;27914542;;;;
CAN;North America;Canada;18.01.2023;4543417;1456;1667,286;50063;31;38,429;118150,992;37,863;43,358;1301,882;0,806;0,999;;277;7,203;6013;156,367;;;;;;;;;;;;;;96682200;34703881;31747452;30230867;3088;24943;251,42;90,25;82,56;78,61;649;5661;0,015;;4,037;41,4;16,984;10,797;44017,591;0,5;105,599;sty.00;12;16.sty;;02.sty;82,43;0,929;38454328;;;;
CPV;Africa;Cape Verde;18.01.2023;63223;1;0,857;412;0;0;106586,396;1,686;1,445;694,583;0;0;;;;;;;;;;;;;;;;;;;;;;;;;;;;;;;;;135,58;25.sty;sty.00;3,437;6222,554;;182,219;sty.00;02.sty;16.sty;;02.sty;72,98;0,665;593162;;;;
CYM;North America;Cayman Islands;18.01.2023;31472;0;0;37;0;0;457961,061;0;0;538,401;0;0;;;;;;;;;;;;;;;;;;;;;;;;;;;;;;;;;256,496;;;;49903,029;;;13,22;;;;;83,92;;68722;;;;
CAF;Africa;Central African Republic;18.01.2023;15361;0;1,429;113;0;0;2753,288;0;0,256;20,254;0;0;;;;;;;;;;;;;;;;;;;2457192;2064227;2014011;214090;;4901;44,04;37;36,1;sty.00;878;3783;0,068;;7,479;18.sty;3,655;2,251;661,24;;435,727;06.sty;;;16,603;1;53,28;0,397;5579148;;;;
TCD;Africa;Chad;18.01.2023;7651;0;0;194;0;0;431,691;0;0;10,946;0;0;;;;;;;;;;;;;;;;;;;;;;;;;;;;;;;;;11,833;16.sty;2,486;1,446;1768,153;38,4;280,995;06.sty;;;5,818;;54,24;0,398;17723312;;;;
CHL;South America;Chile;18.01.2023;5093902;3019;2723,571;63557;9;24,429;259843,43;154,001;138,931;3242,086;0,459;1,246;;118;6,019;;;;;;;;;;;;;;;;62653060;18085381;17697648;27444749;1891;1992;319,6;92,25;90,28;140;102;155;0,001;;24,282;35,4;11,087;6,938;22767,037;01.sty;127,993;sty.00;34,2;41,5;;02.sty;80,18;0,851;19603736;;;;
CHN;Asia;China;18.01.2023;2023904;0;0;5273;0;0;1419,4;0;0;3,698;0;0;;;;;;;;;;;;;;;;;;;3488058000;1310096000;1276302000;825855000;420000;821714;244,62;91,88;89,51;57,92;576;95800;0,007;;147,674;38,7;10,641;5,929;15308,712;0,7;261,899;sty.00;01.sty;48,4;;sty.00;76,91;0,761;1425887360;;;;
COL;South America;Colombia;18.01.2023;6348356;5297;756,714;142085;126;18;122380,24;102,113;14,588;2739,039;2,429;0,347;;;;;;;;;;;;;;;;;;;90046356;42938872;36919986;14614758;;12319;173,59;82,78;71,17;28,17;237;1412;0,003;;44,223;32,2;7,646;4,312;13254,949;04.sty;124,24;sty.00;04.sty;13.sty;65,386;sty.00;77,29;0,767;51874028;;;;
COM;Africa;Comoros;18.01.2023;8992;0;0,857;161;0;0;10745,916;0;1,024;192,404;0;0;;;;;;;;;;;;;;;;;;;;;;;;;;;;;;;;;437,352;20.sty;2,963;1,726;1413,89;18.sty;261,516;sty.00;04.sty;23.sty;15,574;02.sty;64,32;0,554;836783;;;;
COG;Africa;Congo;18.01.2023;25375;0;0;386;0;0;4250,113;0;0;64,652;0;0;;;;;;;;;;;;;;;;;;;;;;;;;;;;;;;;;15,405;19;3,402;2,063;4881,406;37;344,094;07.sty;01.sty;52,3;47,964;;64,57;0,574;5970430;;;;
COK;Oceania;Cook Islands;18.01.2023;6959;0;14,143;2;0;0,143;408583,842;0;830,37;117,426;0;8,388;;;;;;;;;;;;;;;;;;;;;;;;;;;;;;;;;;;;;;;;;;;;;76,25;;17032;;;;
CRI;North America;Costa Rica;18.01.2023;1177514;5712;816;9123;19;2,714;227282,624;1102,525;157,504;1760,913;3,667;0,524;;;;;;;;;;;;;;;;;;;12666724;4594450;4300356;2791092;;2875;244,49;88,68;83,01;53,87;555;353;0,007;;96,079;33,6;9,468;5,694;15524,995;01.sty;137,973;sty.00;06.sty;17.sty;83,841;sty.00;80,28;0,81;5180836;;;;
CIV;Africa;Cote d'Ivoire;18.01.2023;87964;1;0,571;833;0;0;3123,661;0,036;0,02;29,58;0;0;;;;;;;;;;;;;;;;;;;;;;;;;;;;;;;;;76,399;18.sty;2,933;1,582;3601,006;28.sty;303,74;sty.00;;;19,351;;57,78;0,538;28160548;;;;
HRV;Europe;Croatia;18.01.2023;1266749;130;111,857;17790;8;8,714;314301,622;32,255;27,754;4413,997;1,985;2,162;;;;;;;;;;;;;;;;;;;5357352;2320862;2250740;;250;240;132,92;57,58;55,84;;60;15;0;;73,726;44;19,724;13,053;22669,797;0,7;253,782;sty.00;34,3;39,9;;sty.00;78,49;0,851;4030361;;;;
CUB;North America;Cuba;18.01.2023;1112303;6;12,857;8530;0;0;99204,723;0,535;1,147;760,779;0;0;;;;;;;;;;;;;;;;;;;42962409;10722151;10005558;8682527;23108;20884;383,18;95,63;89,24;77,44;1863;205;0,002;;110,408;43,1;14,738;9,719;;;190,968;sty.00;17.sty;53,3;85,198;05.sty;78,8;0,783;11212198;;;;
CUW;North America;Curacao;18.01.2023;45986;0;0;301;2;0,286;240546,521;0;0;1574,49;10,462;1,495;;;;;;;;;;;;;;;;;;;;;;;;;;;;;;;;;362,644;41,7;16,367;10,068;;;;sty.00;;;;;78,88;;191173;;;;
CYP;Europe;Cyprus;18.01.2023;638062;3353;479;1270;0;1,143;712117,204;3742,158;534,594;1417,4;0;1,276;;;;;;;;;;;;;;;;;;;;;;;;;;;;;;;;;127,657;37,3;13,416;8,563;32415,132;;141,171;sty.00;19.sty;52,7;;03.sty;80,98;0,887;896007;;;;
CZE;Europe;Czechia;18.01.2023;4585761;365;247,571;42266;2;5,286;436989,267;34,782;23,592;4027,639;0,191;0,504;;35;3,335;295;28,111;35;3,335;361;34,401;;;;;;;;;;18607094;6977382;6893146;5148092;926;794;177,31;66,49;65,69;49,06;76;22;0;;137,176;43,3;19,027;sty.00;32605,906;;227,485;sty.00;30.sty;38,3;;sty.00;79,38;0,9;10493990;;;;
COD;Africa;Democratic Republic of Congo;18.01.2023;95346;0;24,714;1463;0;0,143;962,992;0;0,25;14,776;0;0,001;;;;;;;;;;;;;;;;;;;;;;;;;;;;;;;;;35,879;17;03.sty;1,745;808,133;77,1;318,949;06.sty;;;4,472;;60,68;0,48;99010216;;;;
DNK;Europe;Denmark;18.01.2023;3397700;205;245,286;8039;7;11,286;577618,225;34,851;41,699;1366,652;sty.00;1,919;;16;sty.00;363;61,711;;;324;55,081;;;;;;;;;;13162151;4793253;4757775;3657149;93;81;223,76;81,49;80,88;62,17;14;11;0;;136,52;42,3;19,677;12,325;46682,515;0,2;114,767;sty.00;19.sty;18.sty;;02.sty;80,9;0,94;5882259;;;;
DJI;Africa;Djibouti;18.01.2023;15690;0;0;189;0;0;13998,292;0;0;168,622;0;0;;;;;;;;;;;;;;;;;;;;;;;;;;;;;;;;;41,285;25.sty;4,213;sty.00;2705,406;22.sty;258,037;06.sty;01.sty;24.sty;;01.sty;67,11;0,524;1120851;;;;
DMA;North America;Dominica;18.01.2023;15760;0;0;74;0;0;216608,483;0;0;1017,07;0;0;;;;;;;;;;;;;;;;;;;;;;;;;;;;;;;;;98,567;;;;9673,367;;227,376;sty.00;;;;03.sty;75;0,742;72758;;;;
DOM;North America;Dominican Republic;18.01.2023;659761;155;27,429;4384;0;0;58756,035;13,804;2,443;390,424;0;0;;;;;;;;;;;;;;;;;;;16194089;7303408;6075336;2521011;1910;1441;144,22;65,04;54,1;22,45;128;211;0,002;;222,873;27.sty;6,981;4,419;14600,861;01.sty;266,653;08.sty;08.sty;19.sty;55,182;01.sty;74,08;0,756;11228821;;;;
ECU;South America;Ecuador;18.01.2023;1047624;7161;1023;35940;0;0;58198,094;397,811;56,83;1996,556;0;0;;;;;;;;;;;;;;;;;;;39362552;15320218;14220659;10386865;5540;4716;218,67;85,11;79;57,7;262;310;0,002;;66,939;28.sty;7,104;4,458;10581,936;03.sty;140,448;sty.00;2;12.sty;80,635;01.sty;77,01;0,759;18001002;;;;
EGY;Africa;Egypt;18.01.2023;515645;0;0;24805;0;0,286;4645,865;0;0;223,488;0;0,003;;;;;;;;;;;;;;;;;;;101227614;53809712;40149703;10041797;;13232;91,2;48,48;36,17;09.sty;119;4984;0,004;;97,999;25.sty;5,159;2,891;10550,206;01.sty;525,432;17,31;0,2;50,1;89,827;01.sty;71,99;0,707;110990096;;;;
SLV;North America;El Salvador;18.01.2023;201785;0;0;4230;0;0;31845,405;0;0;667,572;0;0;;;;;;;;;;;;;;;;;;;;;;;;;;;;;;;;;307,811;27.sty;8,273;5,417;7292,458;02.sty;167,295;sty.00;02.sty;18.sty;90,65;01.sty;73,32;0,673;6336393;;;;
OWID_ENG;Europe;England;11.01.2023;;;;;;;;;;;;;;182;3,218;7743;136,923;;;5659;100,071;;;;;;;;;;144409765;45385951;42894314;63854842;4845;14220;255,37;80,26;75,85;112,92;251;646;0,001;;;;;;;;;;;;;;;;56550000;;;;
GNQ;Africa;Equatorial Guinea;18.01.2023;17186;0;0;183;0;0;10260,813;0;0;109,259;0;0;;;;;;;;;;;;;;;;;;;;;;;;;;;;;;;;;45,194;22.sty;2,846;1,752;22604,873;;202,812;sty.00;;;24,64;02.sty;58,74;0,592;1674916;;;;
ERI;Africa;Eritrea;18.01.2023;10189;0;0;103;0;0;2765,713;0;0;27,958;0;0;;;;;;;;;;;;;;;;;;;;;;;;;;;;;;;;;44,304;19.sty;3,607;2,171;1510,459;;311,11;06.sty;0,2;11.sty;;0,7;66,32;0,459;3684041;;;;
EST;Europe;Estonia;18.01.2023;613218;375;53,571;2896;11;1,571;462434,694;282,792;40,399;2183,907;8,295;1,185;;5;3,771;152;114,625;4;3,007;136;102,25;;;;;;;;;;2104933;868764;848342;593975;195;258;158,74;65,51;63,97;44,79;195;13;0,001;;31,033;42,7;19,452;13,491;29481,252;0,5;255,569;04.sty;24.sty;39,3;;sty.00;78,74;0,892;1326064;;;;
SWZ;Africa;Eswatini;18.01.2023;74086;0;4,714;1422;0;0;61652,021;0;3,923;1183,343;0;0;;;;;;;;;;;;;;;;;;;;;;;;;;;;;;;;;79,492;21.sty;3,163;1,845;7738,975;;333,436;sty.00;01.sty;16.sty;24,097;02.sty;60,19;0,611;1201680;;;;
ETH;Africa;Ethiopia;18.01.2023;499228;28;44,857;7572;0;0;4046,266;0,227;0,364;61,371;0;0;;;;;;;;;;;;;;;;;;;;;;;;;;;;;;;;;104,957;19.sty;3,526;2,063;1729,927;26.sty;182,634;sty.00;0,4;08.sty;sty.00;0,3;66,6;0,485;123379928;;;;
OWID_EUR;;Europe;18.01.2023;246022101;32177;48047,571;2013612;537;604;330316,224;43,202;64,51;2703,532;0,721;0,811;;;;;;;;;;;;;;;;;;;1371495868;522029257;498812593;356750895;106408;113482;184,14;70,09;66,97;47,9;152;19339;0,003;;;;;;;;;;;;;;;;744807803;;;;
OWID_EUN;;European Union;18.01.2023;182556580;25548;36755,143;1200982;476;517,143;405548,996;56,755;81,651;2667,979;1,057;1,149;;;;;;;;;;;;;;;;;;;934479090;338128472;328260636;278033501;98445;66036;207,59;75,12;72,92;61,77;147;1289;0;;;;;;;;;;;;;;;;450146793;;;;
FRO;Europe;Faeroe Islands;18.01.2023;34658;0;0;28;0;0;652484,139;0;0;527,138;0;0;;;;;;;;;;;;;;;;;;;;;;;;;;;;;;;;;35,308;;;;;;;;;;;;80,67;;53117;;;;
FLK;South America;Falkland Islands;18.01.2023;1930;0;0;;;;507761,115;0;0;;;;;;;;;;;;;;;;;;;;;;;;;;;;;;;;;;;;;;;;;;;;;;;;81,44;;3801;;;;
FJI;Oceania;Fiji;18.01.2023;68793;0;3,143;883;0;0;73989,346;0;sty.00;949,698;0;0;;;;;;;;;;;;;;;;;;;1551928;711658;640668;170563;;17;166,92;76,54;68,91;18,34;18;3;0;;49,562;28.sty;6,224;3,284;8702,975;01.sty;412,82;14,49;10.sty;34,8;;02.sty;67,44;0,743;929769;;;;
FIN;Europe;Finland;18.01.2023;1448656;2259;322,714;8431;168;24;261455,093;407,707;58,244;1521,637;30,321;4,332;;;;;;;;;;;;;;;;;;;13171131;4524280;4347586;4299265;11077;1582;237,71;81,65;78,47;77,59;286;14;0;;18,136;42,8;21,228;13,264;40585,721;;153,507;sty.00;18.sty;22.sty;;sty.00;81,91;0,938;5540745;;;;
FRA;Europe;France;18.01.2023;39507326;5894;5500,286;163713;82;64,429;582592,217;86,915;81,11;2414,183;1,209;0,95;;1141;16,826;18927;279,106;357;5,264;2836;41,821;;;;;;;;;;153902056;54641383;53146615;47196111;32068;24675;226,95;80,58;78,37;69,6;364;428;0,001;;122,578;42;19,718;13,079;38605,671;;86,06;sty.00;30.sty;35,6;;sty.00;82,66;0,901;67813000;;;;
PYF;Oceania;French Polynesia;18.01.2023;77957;0;0;649;0;0;254518,564;0;0;2118,893;0;0;;;;;;;;;;;;;;;;;;;;;;;;;;;;;;;;;77,324;32,7;7,775;4,593;;;;22,63;;;;;77,66;;306292;;;;
GAB;Africa;Gabon;18.01.2023;48980;0;0;306;0;0;20502,328;0;0;128,087;0;0;;;;;;;;;;;;;;;;;;;;;;;;;;;;;;;;;7,859;23.sty;sty.00;2,976;16562,413;03.sty;259,967;07.sty;;;;06.sty;66,47;0,703;2388997;;;;
GMB;Africa;Gambia;18.01.2023;12586;0;0;372;0;0;4651,154;0;0;137,473;0;0;;;;;;;;;;;;;;;;;;;;;;;;;;;;;;;;;207,566;17.sty;2,339;1,417;1561,767;10.sty;331,43;sty.00;0,7;31,2;7,876;01.sty;62,05;0,496;2705995;;;;
GEO;Asia;Georgia;18.01.2023;1811015;1656;236,571;16909;10;1,429;483661,536;442,262;63,18;4515,828;2,671;0,382;;;;;;;;;;;;;;;;;;;;;;;;;;;;;;;;;65,032;38,7;14,864;10,244;9745,079;04.sty;496,218;07.sty;05.sty;55,5;;02.sty;73,77;0,812;3744385;;;;
DEU;Europe;Germany;18.01.2023;37649808;12001;9748,286;164391;238;138;451599,859;143,949;116,928;1971,828;2,855;1,655;;850;10,196;;;585;7,017;4404;52,825;;;;;;;;;;190653747;64865547;63552817;64529492;14768;12320;228,68;77,8;76,23;77,4;148;217;0;;237,016;46,6;21,453;15,957;45229,245;;156,139;sty.00;28.sty;33,1;;8;81,33;0,947;83369840;;;;
GHA;Africa;Ghana;18.01.2023;171099;0;4,143;1462;0;0,143;5111,114;0;0,124;43,673;0;0,004;;;;;;;;;;;;;;;;;;;;;;;;;;;;;;;;;126,719;21.sty;3,385;1,948;4227,63;12;298,245;sty.00;0,3;07.sty;41,047;0,9;64,07;0,611;33475870;;;;
GIB;Europe;Gibraltar;18.01.2023;20379;0;5,286;111;0;0;623649,662;0;161,756;3396,885;0;0;;;;;;;;;;;;;;;;;;;;;;;;;;;;;;;;;3457,1;;;;;;;;;;;;79,93;;32677;;;;
GRC;Europe;Greece;18.01.2023;5548487;0;0;34779;0;0;534280,401;0;0;3348,974;0;0;;;;;;61;05.sty;1700;163,691;;;;;;;;;;22072217;7932998;7643518;7074294;3107;3639;212,54;76,39;73,6;68,12;350;45;0;;83,479;45,3;20,396;14,524;24574,382;01.sty;175,695;sty.00;35,3;52;;sty.00;82,24;0,888;10384972;;;;
GRL;North America;Greenland;18.01.2023;11971;0;0;21;0;0;211898,609;0;0;371,721;0;0;;;;;;;;;;;;;;;;;;;;;;;;;;;;;;;;;0,137;;;;;;199,941;sty.00;;;;;71,7;;56494;;;;
GRD;North America;Grenada;18.01.2023;19680;0;0;238;0;0;156863,995;0;0;1897,034;0;0;;;;;;;;;;;;;;;;;;;;;;;;;;;;;;;;;317,132;29.sty;7,304;5,021;13593,877;;243,964;sty.00;;;;03.sty;72,4;0,779;125459;;;;
GTM;North America;Guatemala;18.01.2023;1220203;782;763,143;20063;4;4,286;68382,026;43,824;42,768;1124,361;0,224;0,24;;;;;;;;;;;;;;;;;;;20012686;8867838;7044084;4100764;7837;5334;112,15;49,7;39,48;22,98;299;1194;0,007;;157,834;22.sty;4,694;3,016;7423,808;08.sty;155,898;sty.00;;;76,665;0,6;74,3;0,663;17843914;;;;
GIN;Africa;Guinea;18.01.2023;38224;0;2;467;0;0,143;2757,994;0;0,144;33,696;0;0,01;;;;;;;;;;;;;;;;;;;;;;;;;;;;;;;;;51,755;19;3,135;1,733;1998,926;35,3;336,717;sty.00;;;17,45;0,3;61,6;0,477;13859349;;;;
GNB;Africa;Guinea-Bissau;18.01.2023;8947;0;0;176;0;0;4249,185;0;0;83,587;0;0;;;;;;;;;;;;;;;;;;;;;;;;;;;;;;;;;66,191;19.sty;3,002;1,565;1548,675;67,1;382,474;sty.00;;;6,403;;58,32;0,48;2105580;;;;
GUY;South America;Guyana;18.01.2023;72720;0;26;1293;0;0,286;89919,095;0;32,149;1598,809;0;0,353;;;;;;;;;;;;;;;;;;;953690;493404;380118;80168;;0;117,92;61,01;47;sty.00;0;0;0;;3,952;26.sty;5,305;2,837;7435,047;;373,159;sty.00;;;77,159;01.sty;69,91;0,682;808727;;;;
HTI;North America;Haiti;18.01.2023;33969;0;0;860;0;0;2932,153;0;0;74,234;0;0;;;;;;;;;;;;;;;;;;;512556;402110;238246;;;46;sty.00;sty.00;02.sty;;4;86;0,001;;398,448;24.sty;04.sty;2,954;1653,173;23.sty;430,548;sty.00;02.sty;23.sty;22,863;0,7;64;0,51;11585003;;;;
OWID_HIC;;High income;18.01.2023;424665521;341382;285641;2819313;2692;1715,571;339592,613;272,993;228,419;2254,522;2,153;1,372;;;;;;;;;;;;;;;;;;;2783780676;996828360;933765625;816921484;428110;361450;222,61;79,71;74,67;65,33;289;12318;0,001;;;;;;;;;;;;;;;;1250514600;;;;
HND;North America;Honduras;18.01.2023;469724;494;239,429;11098;0;1,429;45023,521;47,35;22,949;1063,755;0;0,137;;;;;;;;;;;;;;;;;;;16850623;6448366;5765185;4637447;;2943;161,51;61,81;55,26;44,45;282;241;0,002;;82,805;24.sty;4,652;2,883;4541,795;16;240,208;sty.00;2;;84,169;0,7;75,27;0,634;10432858;;;;
HKG;Asia;Hong Kong;18.01.2023;2844006;3793;6252,429;12965;56;59,571;379764,725;506,485;834,897;1731,237;7,478;7,955;;;;;;;;;;;;;;;;;;;20558341;6911564;6791450;6855327;7593;13708;274,52;92,29;90,69;91,54;1830;157;0,002;;7039,714;44,8;16,303;10,158;56054,92;;;sty.00;;;;;84,86;0,949;7488863;;;;
HUN;Europe;Hungary;18.01.2023;2191200;866;123,714;48629;51;7,286;219838,785;86,884;12,412;4878,852;5,117;0,731;;;;;;;;;;;;;;;;;;;;;;;;;;;;;;;;;108,043;43,4;18,577;11,976;26777,561;0,5;278,296;sty.00;26.sty;34,8;;07.sty;76,88;0,854;9967304;;;;
ISL;Europe;Iceland;18.01.2023;208539;0;11,429;238;0;1,286;559231,221;0;30,648;638,236;0;3,448;;;;;;;;27;73,212;;;;;;;;;;;;;;;;;;;;;;;;3,404;37,3;14,431;9,207;46482,958;0,2;117,992;sty.00;14.sty;15.sty;;sty.00;82,99;0,949;372903;;;;
IND;Asia;India;18.01.2023;44682729;134;131,714;530728;0;0,714;31529,478;0,095;0,093;374,498;0;0,001;;;;;;;;;;;;;;;;;;;2201842205;1027255547;951360940;223225718;100424;49660;155,37;72,49;67,13;15,75;35;2644;0;;450,419;28.sty;5,989;3,414;6426,674;21.sty;282,28;sty.00;01.sty;20.sty;59,55;0,53;69,66;0,645;1417173120;;;;
IDN;Asia;Indonesia;18.01.2023;6727007;339;332;160756;10;7,286;24417,329;sty.00;1,205;583,504;0,036;0,026;;;;;;;;;;;;;;;;;;;444303130;203657535;172693321;67952274;;40329;161,27;73,92;62,68;24,66;146;2946;0,001;;145,725;29.sty;5,319;3,053;11188,744;05.sty;342,864;sty.00;02.sty;76,1;64,204;01.sty;71,72;0,718;275501344;;;;
OWID_INT;;International;18.01.2023;721;0;0;15;0;0;;;;;;;;;;;;;;;;;;;;;;;;;;;;;;;;;;;;;;;;;;;;;;;;;;;;;;;;;
IRN;Asia;Iran;18.01.2023;7562998;130;103,286;144728;0;1,143;85408,803;1,468;1,166;1634,411;0;0,013;;;;;;;;;;;;;;;;;;;154942435;65132600;58527648;31282187;;6775;174,98;73,55;66,1;35,33;77;772;0,001;;49,831;32,4;sty.00;3,182;19082,62;0,2;270,308;sty.00;0,8;21.sty;;01.sty;76,68;0,783;88550568;;;;
IRQ;Asia;Iraq;18.01.2023;2465545;0;0;25375;0;0;55410,332;0;0;570,274;0;0;;;;;;;;;;;;;;;;;;;;;;;;;;;;;;;;;88,125;20;3,186;1,957;15663,986;02.sty;218,612;sty.00;;;94,576;01.sty;70,6;0,674;44496124;;;;
IRL;Europe;Ireland;18.01.2023;1699347;1572;224,571;8431;43;6,143;338305,886;312,954;44,708;1678,443;sty.00;1,223;;29;5,773;509;101,332;18;3,595;677;134,829;;;;;;;;;;11100602;4106012;4058534;3177204;299;337;220,99;81,74;80,8;63,25;67;36;0,001;;69,874;38,7;13,928;8,678;67335,293;0,2;126,459;sty.00;23;25.sty;;sty.00;82,3;0,955;5023108;;;;
IMN;Europe;Isle of Man;18.01.2023;38008;0;0;116;0;0;449617,905;0;0;1372,229;0;0;;;;;;;;;;;;;;;;;;;;;;;;;;;;;;;;;147,872;;;;;;;;;;;;81,4;;84534;;;;
ISR;Asia;Israel;18.01.2023;4778802;1589;703,714;12137;11;4,143;505746,852;168,166;74,475;1284,475;1,164;0,438;;41;4,339;413;43,708;19;2,011;269;28,469;;;;;;;;;;18628301;6721788;6158106;5748407;657;907;197,15;71,14;65,17;60,84;96;10;0;;402,606;30.sty;11,733;7,359;33132,32;0,5;93,32;sty.00;15.sty;35,4;;sty.00;82,97;0,919;9449000;;;;
ITA;Europe;Italy;18.01.2023;25363742;84060;12008,571;185993;576;82,286;429621,072;1423,841;203,406;3150,423;9,757;1,394;;310;5,251;6731;114,012;196;sty.00;2506;42,448;;;;;;;;;;143576918;50865931;47971672;46247648;13387;12124;243,2;86,16;81,26;78,34;205;109;0;;205,859;47,9;23,021;16,24;35220,084;2;113,151;sty.00;19.sty;27.sty;;sty.00;83,51;0,892;59037472;;;;
JAM;North America;Jamaica;18.01.2023;153143;175;45,143;3476;11;1,571;54164,241;61,895;15,966;1229,406;3,891;0,556;;;;;;;;;;;;;;;;;;;1509702;845520;745634;45664;;219;53,4;29.sty;26,37;sty.00;77;152;0,005;;266,879;31,4;9,684;sty.00;8193,571;;206,537;sty.00;05.sty;28.sty;66,425;01.sty;74,47;0,734;2827382;;;;
JPN;Asia;Japan;18.01.2023;31745060;125108;125169,429;63777;449;425,286;256108,315;1009,329;1009,824;514,531;3,622;3,431;;1798;14,506;44458;358,672;;;;;;;;;;;;;;376069674;104601119;103210148;168258407;144782;247498;303,4;84,39;83,27;135,75;1997;2627;0,002;;347,778;48,2;27,049;18,493;39002,223;;79,37;sty.00;11.sty;33,7;;13.sty;84,63;0,919;123951696;;;;
JEY;Europe;Jersey;08.01.2023;;;;;;;;;;;;;;;;;;;;;;;;;;;;;;;266569;84348;81856;73642;;31;240,59;76,13;73,88;66,47;280;1;0,001;;;;;;;;;;;;;;;;110796;;;;
JOR;Asia;Jordan;18.01.2023;1746997;0;0;14122;0;0;154794,998;0;0;1251,299;0;0;;;;;;;;;;;;;;;;;;;;;;;;;;;;;;;;;109,285;23.sty;sty.00;2,361;8337,49;0,1;208,257;sty.00;;;;01.sty;74,53;0,729;11285875;;;;
KAZ;Asia;Kazakhstan;18.01.2023;1495766;70;1065,714;19064;0;0,286;77109,298;3,609;54,939;982,782;0;0,015;;;;;;;;;;;;;;;;;;;;10858101;10629063;;;;;55,98;54,79;;;210;0,001;;6,681;30.sty;6,991;4,625;24055,588;0,1;466,792;07.sty;7;43,1;98,999;06.sty;73,6;0,825;19397998;;;;
KEN;Africa;Kenya;18.01.2023;342747;20;15,429;5688;0;0;6343,938;0,37;0,286;105,28;0;0;;;;;;;;;;;;;;;;;;;23132128;14242625;10864421;1782416;;3266;42,82;26,36;20.sty;03.sty;60;1365;0,003;;87,324;20;2,686;1,528;2993,028;36,8;218,637;sty.00;01.sty;20.sty;24,651;01.sty;66,7;0,601;54027484;;;;
KIR;Oceania;Kiribati;18.01.2023;4921;0;0;17;0;0;37497,047;0;0;129,537;0;0;;;;;;;;;;;;;;;;;;;;;;;;;;;;;;;;;143,701;23.sty;3,895;sty.00;1981,132;;434,657;22,66;35,9;58,9;;01.sty;68,37;0,63;131237;;;;
OWID_KOS;Europe;Kosovo;18.01.2023;272429;17;10,286;3202;0;0;152868,361;9,539;5,772;1796,742;0;0;;;;;;;;;;;;;;;;;;;1837225;906747;825008;105470;1;10;103,09;50,88;46,29;sty.00;6;5;0;;168,155;;;;9795,834;0,6;;;;;;;;;1782115;;;;
KWT;Asia;Kuwait;18.01.2023;662858;111;15,857;2570;0;0;155276,576;26,002;3,715;602,031;0;0;;;;;;;;;;;;;;;;;;;8256588;3455437;3343924;1457227;;48;193,41;80,94;78,33;34,14;11;25;0,001;;232,128;33,7;2,345;1,114;65530,537;;132,235;15,84;02.sty;37;;2;75,49;0,806;4268886;;;;
KGZ;Asia;Kyrgyzstan;18.01.2023;206588;0;0,286;2991;0;0;31156,659;0;0,043;451,089;0;0;;;;;;;;;;;;;;;;;;;3389320;1641755;1364584;;1601;1344;51,12;24,76;20,58;;203;322;0,005;;32,333;26.sty;4,489;2,882;3393,474;01.sty;436,362;07.sty;03.sty;50,5;89,22;04.sty;71,45;0,697;6630621;;;;
LAO;Asia;Laos;18.01.2023;217935;1;2,857;758;0;0;28944,241;0,133;0,379;100,671;0;0;;;;;;;;;;;;;;;;;;;;;;;;;;;;;;;;;29,715;24.sty;4,029;2,322;6397,36;22.sty;368,111;4;07.sty;51,2;49,839;01.sty;67,92;0,613;7529477;;;;
LVA;Europe;Latvia;18.01.2023;975035;28;34,571;6203;3;2,143;526859,694;15,13;18,681;3351,788;1,621;1,158;;7;3,782;;;15;7,923;161;87,153;;;;;;;;;;;;;;;;;;;;;;;;31,212;43,9;19,754;14,136;25063,846;0,7;350,06;sty.00;25.sty;51;;sty.00;75,29;0,866;1850654;;;;
LBN;Asia;Lebanon;18.01.2023;1225904;269;201,286;10767;3;1,429;223308,045;49;36,666;1961,294;0,546;0,26;;;;;;;;;;;;;;;;;;;;;;;;;;;;;;;;;594,561;31.sty;8,514;sty.00;13367,565;;266,591;sty.00;26.sty;40,7;;02.sty;78,93;0,744;5489744;;;;
LSO;Africa;Lesotho;18.01.2023;34790;0;0;723;0;0;15087,869;0;0;313,554;0;0;;;;;;;;;;;;;;;;;;;;;;;;;;;;;;;;;73,562;22.sty;4,506;2,647;2851,153;59,6;405,126;sty.00;0,4;53,9;2,117;;54,33;0,527;2305826;;;;
LBR;Africa;Liberia;18.01.2023;8043;0;0;294;0;0;1516,777;0;0;55,444;0;0;;;;;;;;;;;;;;;;;;;;;;;;;;;;;;;;;49,127;19.sty;3,057;1,756;752,788;38,6;272,509;sty.00;01.sty;18.sty;1,188;0,8;64,1;0,48;5302690;;;;
LBY;Africa;Libya;18.01.2023;507158;0;0,571;6437;0;0;74446,916;0;0,084;944,902;0;0;;;;;;;;;;;;;;;;;;;3739158;2316327;1236102;186729;;218;54,89;34;18,15;sty.00;32;72;0,001;;3,623;29;4,424;2,816;17881,509;;341,862;sty.00;;;;03.sty;72,91;0,724;6812344;;;;
LIE;Europe;Liechtenstein;18.01.2023;21329;0;0;88;0;0;541964,172;0;0;2236,056;0;0;;;;;;;;0;0;;;;;;;;;;74246;26763;26458;22017;;5;188,66;68;67,23;55,94;127;0;0;;237,012;;;;;;;sty.00;;;;2,397;82,49;0,919;39355;;;;
LTU;Europe;Lithuania;18.01.2023;1293405;305;235,143;9521;3;2,857;470319,171;110,907;85,505;3462,109;1,091;1,039;;;;94;34,181;;;;;;;;;;;;;;4542057;1956584;1879997;943687;106;129;165,16;71,15;68,36;34,32;47;12;0;;45,135;43,5;19,002;13,778;29524,265;0,7;342,989;sty.00;21.sty;38;;sty.00;75,93;0,882;2750058;;;;
OWID_LIC;;Low income;18.01.2023;2275328;420;426,429;47822;4;3,143;3084,752;0,569;0,578;64,834;0,005;0,004;;;;;;;;;;;;;;;;;;;264742887;191910241;160304445;14103268;10816;10846;35,89;26.sty;21,73;sty.00;15;8144;0,001;;;;;;;;;;;;;;;;737604900;;;;
OWID_LMC;;Lower middle income;18.01.2023;97064464;1472;3328,429;1344645;32;43,857;28281,385;0,429;0,97;391,785;0,009;0,013;;;;;;;;;;;;;;;;;;;4780081236;2227557381;1988565891;626243127;152063;469986;139,28;64,9;57,94;18,25;137;57114;0,002;;;;;;;;;;;;;;;;3432097300;;;;
LUX;Europe;Luxembourg;18.01.2023;314142;66;48;1202;1;0,429;485085,724;101,915;74,12;1856,081;1,544;0,662;;0;0;14;21,618;1;1,575;13;20,481;;;;;;;;;;1372599;481911;462609;457271;58;100;211,95;74,41;71,43;70,61;154;1;0;;231,447;39,7;14,312;9,842;94277,965;0,2;128,275;sty.00;20.sty;26;;sty.00;82,25;0,916;647601;;;;
MAC;Asia;Macao;18.01.2023;3445;6;23,286;114;1;4,429;4955,551;8,631;33,496;163,986;1,438;sty.00;;;;;;;;;;;;;;;;;;;1791888;677696;639505;474687;;671;257,76;97,48;91,99;68,28;965;128;0,018;;20546,766;39,2;9,798;4,991;104861,851;;;;;;;;84,24;;695180;;;;
MDG;Africa;Madagascar;18.01.2023;67788;0;4;1418;0;0;2289,229;0;0,135;47,886;0;0;;;;;;;;;;;;;;;;;;;;;;;;;;;;;;;;;43,951;19.sty;2,929;1,686;1416,44;77,6;405,994;sty.00;;;50,54;0,2;67,04;0,528;29611718;;;;
MWI;Africa;Malawi;18.01.2023;88446;164;32,286;2686;0;0,143;4334,458;8,037;1,582;131,632;0;0,007;;;;;;;;;;;;;;;;;;;6876517;4932472;3927293;1832738;;24236;33,7;24,17;19,25;sty.00;1188;16449;0,081;;197,519;18.sty;2,979;1,783;1095,042;71,4;227,349;sty.00;04.sty;24.sty;8,704;01.sty;64,26;0,483;20405318;;;;
MYS;Asia;Malaysia;18.01.2023;5033625;371;311,714;36923;4;3,143;148317,313;10,932;9,185;1087,948;0,118;0,093;;16;0,471;200;5,893;;;377;11,108;;;;;;;;;;72475960;28124472;27535919;17033725;7411;8323;213,55;82,87;81,14;50,19;245;162;0;;96,254;29.sty;6,293;3,407;26808,164;0,1;260,942;16,74;1;42,4;;01.sty;76,16;0,81;33938216;;;;
MDV;Asia;Maldives;18.01.2023;185708;0;0,857;311;0;0;354541,254;0;1,636;593,74;0;0;;;;;;;;;;;;;;;;;;;;;;;;;;;;;;;;;1454,433;30.sty;04.sty;2,875;15183,616;;164,905;sty.00;02.sty;55;95,803;;78,92;0,74;523798;;;;
MLI;Africa;Mali;18.01.2023;32772;0;0;743;0;0;1450,499;0;0;32,885;0;0;;;;;;;;;;;;;;;;;;;;;;;;;;;;;;;;;15,196;16.sty;2,519;1,486;2014,306;;268,024;sty.00;01.sty;23;52,232;0,1;59,31;0,434;22593598;;;;
MLT;Europe;Malta;18.01.2023;116882;18;21,714;822;0;0;219170,325;33,753;40,717;1541,367;0;0;;1;1,875;;;;;17;31,002;;;;;;;;;;1378731;478617;471367;463128;19;91;258,53;89,75;88,39;86,84;171;3;0,001;;1454,037;42,4;19,426;11,324;36513,323;0,2;168,711;sty.00;20.sty;30,2;;4,485;82,53;0,895;533293;;;;
MHL;Oceania;Marshall Islands;18.01.2023;15554;0;0;17;0;0;373957,156;0;0;408,723;0;0;;;;;;;;;;;;;;;;;;;;;;;;;;;;;;;;;295,15;;;;3819,202;;557,793;30,53;;;82,502;02.sty;73,7;0,704;41593;;;;
MRT;Africa;Mauritania;18.01.2023;63664;229;33,571;997;0;0;13442,153;48,352;7,088;210,509;0;0;;;;;;;;;;;;;;;;;;;;;;;;;;;;;;;;;4,289;20.sty;3,138;1,792;3597,633;6;232,347;sty.00;;;15,95;;64,92;0,546;4736146;;;;
MUS;Africa;Mauritius;18.01.2023;293386;0;0;1042;0;0;225772,195;0;0;801,86;0;0;;;;;;;;;;;;;;;;;;;;;;;;;;;;;;;;;622,962;37,4;10,945;5,884;20292,745;0,5;224,644;22.sty;03.sty;40,7;;03.sty;74,99;0,804;1299478;;;;
MEX;North America;Mexico;18.01.2023;7315454;563;4421,714;331605;10;38,857;57374,256;4,416;34,679;2600,739;0,078;0,305;;;;;;;;;;;;;;;;;;;225063079;99071001;82652919;57026630;;0;176,51;77,7;64,82;44,73;0;0;0;;66,444;29.sty;6,857;4,321;17336,469;02.sty;152,783;13.sty;06.sty;21.sty;87,847;sty.00;75,05;0,779;127504120;;;;
FSM;Oceania;Micronesia (country);18.01.2023;22247;0;0;58;0;0;194844,891;0;0;507,979;0;0;;;;;;;;;;;;;;;;;;;;;;;;;;;;;;;;;150,777;23;sty.00;2,392;3299,464;16;454,343;12.sty;;;;;67,88;0,62;114178;;;;
MDA;Europe;Moldova;18.01.2023;597598;382;54,571;11947;0;1;182584,564;116,713;16,673;3650,176;0;0,306;;;;;;;;;;;;;;;;;;;2274620;1105617;1075068;395356;;240;69,5;33,78;32,85;12.sty;73;33;0,001;;123,655;37,6;10,864;6,955;5189,972;0,2;408,502;sty.00;05.sty;44,6;86,979;05.sty;71,9;0,75;3272993;;;;
MCO;Europe;Monaco;18.01.2023;16040;5;4;65;0;0;439560,44;137,02;109,616;1781,261;0;0;;;;;;;;;;;;;;;;;;;;;;;;;;;;;;;;;19347,5;;;;;;;sty.00;;;;13.sty;86,75;;36491;;;;
MNG;Asia;Mongolia;18.01.2023;1007843;6;6,143;2136;0;0;296566,327;1,766;1,808;628,536;0;0;;;;;;;;;;;;;;;;;;;;;;;;;;;;;;;;;sty.00;28.sty;4,031;2,421;11840,846;0,5;460,043;sty.00;05.sty;46,5;71,18;7;69,87;0,737;3398373;;;;
MNE;Europe;Montenegro;18.01.2023;285773;63;64,429;2794;0;0,143;455718,71;100,465;102,743;4455,558;0;0,228;;;;;;;;;;;;;;;;;;;;;;;;;;;;;;;;;46,28;39,1;14,762;9,395;16409,288;1;387,305;10.sty;44;47,9;;3,861;76,88;0,829;627082;;;;
MSR;North America;Montserrat;18.01.2023;1403;0;0;8;0;0;317924,315;0;0;1812,826;0;0;;;;;;;;;;;;;;;;;;;;;;;;;;;;;;;;;;;;;;;;;;;;;74,16;;4413;;;;
MAR;Africa;Morocco;18.01.2023;1272116;26;19,286;16296;0;0,143;33961,152;0,694;0,515;435,048;0;0,004;;;;;;;;;;;;;;;;;;;55367864;25016749;23517738;6871804;;397;147,81;66,79;62,78;18,35;11;63;0;;80,08;29.sty;6,769;4,209;7485,013;1;419,146;sty.00;0,8;47,1;;01.sty;76,68;0,686;37457976;;;;
MOZ;Africa;Mozambique;18.01.2023;231404;185;26,429;2232;0;0;7018,725;5,611;0,802;67,699;0;0;;;;;;;;;;;;;;;;;;;29140427;18640008;18454569;1007597;;0;88,39;56,54;55,97;03.sty;0;2796;0,008;;37,728;17.sty;3,158;sty.00;1136,103;62,9;329,942;03.sty;05.sty;29.sty;12,227;0,7;60,85;0,456;32969520;;;;
MMR;Asia;Myanmar;18.01.2023;633777;14;6,714;19490;0;0;11697,768;0,258;0,124;359,731;0;0;;;;;;;;;;;;;;;;;;;;;;;;;;;;;;;;;81,721;29.sty;5,732;03.sty;5591,597;06.sty;202,104;sty.00;06.sty;35,2;79,287;0,9;67,13;0,583;54179312;;;;
NAM;Africa;Namibia;18.01.2023;170496;0;18,143;4083;0;0,143;66417,766;0;7,068;1590,558;0;0,056;;;;;;;;;;;;;;;;;;;975554;604799;528051;104999;;95;38;23,56;20,57;04.sty;37;73;0,003;;3,078;22;3,552;2,085;9541,808;13.sty;243,811;sty.00;09.sty;34,2;44,6;;63,71;0,646;2567024;;;;
NRU;Oceania;Nauru;18.01.2023;4621;0;0;1;0;0;364116,303;0;0;78,796;0;0;;;;;;;;;;;;;;;;;;;;;;;;;;;;;;;;;682,45;;;;12895,635;;;24.sty;43;36,9;;5;59,96;;12691;;;;
NPL;Asia;Nepal;18.01.2023;1001068;9;5;12020;0;0;32770,773;0,295;0,164;393,484;0;0;;;;;;;;;;;;;;;;;;;60789000;27678479;24159118;8951403;;27556;199;90,61;79,09;29.sty;902;6454;0,021;;204,43;25;5,809;3,212;2442,804;15;260,797;sty.00;09.sty;37,8;47,782;0,3;70,78;0,602;30547586;;;;
NLD;Europe;Netherlands;18.01.2023;8589689;5;328,857;23079;0;0;489050,286;0,285;18,723;1313,993;0;0;;39;sty.00;574;32,68;29;1,651;587;33,421;;;;;;;;;;;;;;;;;;;;;;;;508,544;43,2;18,779;11,881;48472,545;;109,361;sty.00;24.sty;27.sty;;sty.00;82,28;0,944;17564020;;;;
NCL;Oceania;New Caledonia;18.01.2023;79921;61;8,714;314;0;0;275628,623;210,375;30,054;1082,912;0;0;;;;;;;;;;;;;;;;;;;478524;192213;184656;101655;;33;165,03;66,29;63,68;35,06;114;1;0;;15,342;33,4;9,954;6,489;;;;23,36;;;;;77,55;;289959;;;;
NZL;Oceania;New Zealand;18.01.2023;2158656;2;2744;2437;44;6,286;416303,894;0,386;529,189;469,983;8,486;1,212;;;;;;;;;;;;;;;;;;;11962926;4300097;4138926;3523903;1388;911;230,71;82,93;79,82;67,96;176;30;0,001;;18,206;37,9;15,322;sty.00;36085,843;;128,797;08.sty;14.sty;17.sty;;sty.00;82,29;0,931;5185289;;;;
NIC;North America;Nicaragua;18.01.2023;15541;34;4,857;245;0;0;2236,632;4,893;0,699;35,26;0;0;;;;;;;;;;;;;;;;;;;12144072;6182972;5961100;;;2364;174,78;88,98;85,79;;340;1105;0,016;;51,667;27.sty;5,445;3,519;5321,444;03.sty;137,016;sty.00;;;;0,9;74,48;0,66;6948395;;;;
NER;Africa;Niger;18.01.2023;9506;0;4,714;315;0;0;362,714;0;0,18;12,019;0;0;;;;;;;;;;;;;;;;;;;;;;;;;;;;;;;;;16,955;15.sty;2,553;1,378;926;44,5;238,339;sty.00;0,1;15.sty;8,978;0,3;62,42;0,394;26207982;;;;
NGA;Africa;Nigeria;18.01.2023;266463;0;0;3155;0;0;1219,28;0;0;14,437;0;0;;;;;;;;;;;;;;;;;;;108052995;76507342;63966056;9755313;;205727;49,44;35,01;29,27;sty.00;941;148319;0,068;;209,588;18.sty;2,751;1,447;5338,454;;181,013;sty.00;0,6;10.sty;41,949;;54,69;0,539;218541216;;;;
OWID_NAM;;North America;18.01.2023;120467468;135961;52956,714;1562949;1636;577,571;200670,866;226,479;88,214;2603,511;2,725;0,962;;;;;;;;;;;;;;;;;;;1135517663;457952622;393343416;247430432;95923;64979;189,15;76,28;65,52;41,22;108;8861;0,001;;;;;;;;;;;;;;;;600323657;;;;
PRK;Asia;North Korea;18.01.2023;1;0;0;6;0;0;0,038;0;0;0,23;0;0;;;;;;;;;;;;;;;;;;;;;;;;;;;;;;;;;211,701;35,3;9,491;6,139;;;321,681;4;;;;13.sty;72,27;;26069416;;;;
MKD;Europe;North Macedonia;18.01.2023;346297;202;28,857;9633;10;1,429;165406,958;96,484;13,783;4601,152;4,776;0,682;;;;;;;;;;;;;;;;;;;;;;;;;;;;;;;;;82,6;39,1;13,26;sty.00;13111,214;5;322,688;10.sty;;;;sty.00;75,8;0,774;2093606;;;;
OWID_CYN;Asia;Northern Cyprus;18.01.2023;;;;;;;;;;;;;;;;;;;;;;;;;;;;;;;861519;301673;313067;;;0;225,04;78,8;81,78;;0;0;0;;;;;;;;;;;;;;;;382836;;;;
OWID_NIR;Europe;Northern Ireland;11.01.2023;;;;;;;;;;;;;;;;441;232,595;;;171;90,19;;;;;;;;;;4474138;1429812;1360007;1045741;894;587;235,98;75,41;71,73;55,16;310;11;0,001;;;;;;;;;;;;;;;;1896000;;;;
NOR;Europe;Norway;18.01.2023;1477205;77;76,857;4963;104;14,857;271828,658;14,169;14,143;913,269;19,138;2,734;;;;;;;;;;;;;;;;;;;;;;;;;;;;;;;;;14,462;39,7;16,821;10,813;64800,057;0,2;114,316;sty.00;19.sty;20.sty;;03.sty;82,4;0,957;5434324;;;;
OWID_OCE;;Oceania;18.01.2023;13815103;63;7764,429;22984;0;49,571;306737,404;1,399;172,394;510,315;0;1,101;;;;;;;;;;;;;;;;;;;80728081;28915884;27874553;23896611;3346;3352;179,24;64,2;61,89;53,06;74;110;0;;;;;;;;;;;;;;;;45038860;;;;
OMN;Asia;Oman;18.01.2023;399154;0;0;4628;0;0;87221,992;0;0;1011,297;0;0;;;;;;;;;;;;;;;;;;;;;;;;;;;;;;;;;14,98;30.sty;2,355;sty.00;37960,709;;266,342;sty.00;0,5;15.sty;97,4;01.sty;77,86;0,813;4576300;;;;
PAK;Asia;Pakistan;18.01.2023;1576126;17;15,571;30640;0;0,143;6683,46;0,072;0,066;129,927;0;0,001;;;;;;;;;;;;;;;;;;;;;;;;;;;;;;;;;255,573;23.sty;4,495;sty.00;5034,708;4;423,031;sty.00;02.sty;36,7;59,607;0,6;67,27;0,557;235824864;;;;
PLW;Oceania;Palau;18.01.2023;5980;0;0,571;9;0;0;330679,053;0;31,599;497,678;0;0;;;;;;;;;;;;;;;;;;;;;;;;;;;;;;;;;47,237;;;;13240,405;;;15,89;07.sty;22.sty;;04.sty;73,7;0,826;18084;;;;
PSE;Asia;Palestine;18.01.2023;703228;0;0;5708;0;0;133946,251;0;0;1087,222;0;0;;;;;;;;;;;;;;;;;;;;;;;;;;;;;;;;;778,202;20.sty;3,043;1,726;4449,898;1;265,91;sty.00;;;;;74,05;0,708;5250076;;;;
PAN;North America;Panama;18.01.2023;1028272;1025;346,857;8589;0;0,714;233243,251;232,501;78,678;1948,245;0;0,162;;;;;;;;;;;;;;;;;;;;;;;;;;;;;;;;;55,133;29.sty;7,918;05.sty;22267,037;02.sty;128,346;sty.00;02.sty;09.sty;;02.sty;78,51;0,815;4408582;;;;
PNG;Oceania;Papua New Guinea;18.01.2023;46663;0;0;669;0;0;4600,683;0;0;65,959;0;0;;;;;;;;;;;;;;;;;;;713099;369998;310717;32384;;93;07.sty;sty.00;03.sty;0,32;9;0;0;;18,22;22.sty;3,808;2,142;3823,194;;561,494;17,65;23.sty;48,8;;;64,5;0,555;10142625;;;;
PRY;South America;Paraguay;18.01.2023;800163;1932;276;19746;30;4,286;118005,175;284,924;40,703;2912,069;4,424;0,632;;;;;;;;;;;;;;;;;;;9524376;3981399;3537084;2005893;10109;2666;140,46;58,72;52,16;29,58;393;399;0,006;;17,144;26.sty;6,378;3,833;8827,01;01.sty;199,128;sty.00;5;21.sty;79,602;01.sty;74,25;0,728;6780745;;;;
PER;South America;Peru;18.01.2023;4477064;941;762,571;218580;26;17,857;131486,584;27,636;22,396;6419,461;0,764;0,524;;;;;;;;;;;;;;;;;;;86875116;30239711;28455004;28180401;4030;8496;255,14;88,81;83,57;82,76;250;1289;0,004;;25,129;29.sty;7,151;4,455;12236,706;03.sty;85,755;sty.00;04.sty;;;01.sty;76,74;0,777;34049588;;;;
PHL;Asia;Philippines;18.01.2023;4071013;338;315,857;65637;19;18,286;35228,868;2,925;2,733;567,996;0,164;0,158;;;;;;;;;;;;;;;;;;;169838560;78369243;73937435;21341197;;8366;146,97;67,82;63,98;18,47;72;1373;0,001;;351,873;25.sty;4,803;2,661;7599,188;;370,437;07.sty;07.sty;40,8;78,463;1;71,23;0,718;115559008;;;;
POL;Europe;Poland;18.01.2023;6374257;377;288,714;118666;6;7,286;159927,59;9,459;7,244;2977,283;0,151;0,183;;;;;;;;;;;;;;;;;;;57846063;22860281;22633314;15233545;2265;3200;145,13;57,36;56,79;38,22;80;300;0,001;;124,027;41,8;16,763;10,202;27216,445;;227,331;sty.00;23.sty;33,1;;sty.00;78,73;0,88;39857144;;;;
PRT;Europe;Portugal;18.01.2023;5557941;0;0;25805;0;0;541137,025;0;0;2512,449;0;0;;;;;;;;;;;;;;;;;;;28016722;9775784;8889549;7035338;;3126;272,78;95,18;86,55;68,5;304;50;0;;112,371;46,2;21,502;14,924;27936,896;0,5;127,842;sty.00;16.sty;30;;sty.00;82,05;0,864;10270857;;;;
QAT;Asia;Qatar;18.01.2023;491721;77;94,143;685;0;0;182447,903;28,57;34,931;254,162;0;0;;;;;;;;;;;;;;;;;;;7603722;2850786;2850786;1902150;;157;282,13;105,78;105,78;70,58;58;42;0,002;;227,322;31,9;1,307;0,617;116935,6;;176,69;16,52;0,8;26.sty;;01.sty;80,23;0,848;2695131;;;;
ROU;Europe;Romania;18.01.2023;3319680;3488;498,286;67504;44;6,286;168860,797;177,423;25,346;3433,698;2,238;0,32;;113;5,748;1157;58,853;;;;;;;;;;;;;;;;;;;;;;;;;;;;85,129;43;17,85;sty.00;23313,199;05.sty;370,946;sty.00;22.sty;37,1;;6,892;76,05;0,828;19659270;;;;
RUS;Europe;Russia;18.01.2023;21561796;5442;4733,429;386588;46;43,571;148996,631;37,605;32,709;2671,406;0,318;0,301;;;;;;;;5193;35,885;;;;;;;;;;184226161;87805023;79038657;19621275;313402;47420;127,3;60,68;54,62;13,56;328;18742;0,013;;8,823;39,6;14,178;9,393;24765,954;0,1;431,297;sty.00;23.sty;58,3;;08.sty;72,58;0,824;144713312;;;;
RWA;Africa;Rwanda;18.01.2023;133078;0;2,143;1468;0;0;9659,641;0;0,156;106,557;0;0;;;;;;;;;;;;;;;;;;;;;;;;;;;;;;;;;494,869;20.sty;2,974;1,642;1854,211;56;191,375;sty.00;04.sty;21;4,617;;69,02;0,543;13776702;;;;
SHN;Africa;Saint Helena;18.01.2023;2166;0;0;;;;401036,845;0;0;;;;;;;;;;;;;;;;;;;;;;;;;;;;;;;;;;;;;;;;;;;;;;;;80,56;;5401;;;;
KNA;North America;Saint Kitts and Nevis;18.01.2023;6584;3;1,429;46;0;0;138084,352;62,918;29,961;964,745;0;0;;;;;;;;;;;;;;;;;;;64297;33794;27000;3503;;0;134,85;70,88;56,63;sty.00;0;0;0;;212,865;;;;24654,385;;;sty.00;;;;02.sty;76,23;0,779;47681;;;;
LCA;North America;Saint Lucia;18.01.2023;29761;2;0,286;409;0;0;165456,547;11,119;1,588;2273,839;0;0;;;;;;;;;;;;;;;;;;;122977;60140;54971;7866;;0;68,37;33,43;30,56;sty.00;0;0;0;;293,187;34,9;9,721;6,405;12951,839;;204,62;sty.00;;;87,202;01.sty;76,2;0,759;179872;;;;
SPM;North America;Saint Pierre and Miquelon;18.01.2023;3368;0;2,714;2;0;0;572302,464;0;461,221;339,847;0;0;;;;;;;;;;;;;;;;;;;;;;;;;;;;;;;;;;;;;;;;;;;;;81,07;;5885;;;;
VCT;North America;Saint Vincent and the Grenadines;18.01.2023;9572;9;1,286;123;2;0,286;92074,76;86,573;12,368;1183,159;19,238;2,748;;;;;;;;;;;;;;;;;;;73301;37471;31588;4242;;9;70,51;36,04;30,39;04.sty;87;4;0,004;;281,787;31.sty;7,724;4,832;10727,146;;252,675;sty.00;;;;02.sty;72,53;0,738;103959;;;;
WSM;Oceania;Samoa;18.01.2023;16008;0;0;29;0;0;71981,654;0;0;130,402;0;0;;;;;;;;;;;;;;;;;;;449439;191163;177721;79360;;10;202,09;85,96;79,91;35,69;45;1;0;;69,413;22;5,606;3,564;6021,557;;348,977;sty.00;16.sty;38,1;;;73,32;0,715;222390;;;;
SMR;Europe;San Marino;18.01.2023;23370;0;11,429;122;0;0,143;693677,649;0;339,227;3621,253;0;sty.00;;;;;;;;;;;;;;;;;;;;;;;;;;;;;;;;;556,667;;;;56861,47;;;sty.00;;;;03.sty;84,97;;33690;;;;
STP;Africa;Sao Tome and Principe;18.01.2023;6279;0;0;77;0;0;27612,987;0;0;338,621;0;0;;;;;;;;;;;;;;;;;;;;;;;;;;;;;;;;;212,841;18.sty;2,886;2,162;3052,714;32,3;270,113;sty.00;;;41,34;02.sty;70,39;0,625;227393;;;;
SAU;Asia;Saudi Arabia;18.01.2023;827488;35;26,143;9549;3;1,714;22727,677;0,961;0,718;262,272;0,082;0,047;;;;;;;;;;;;;;;;;;;;;;;;;;;;;;;;;15,322;31,9;3,295;1,845;49045,411;;259,538;17,72;01.sty;25.sty;;02.sty;75,13;0,854;36408824;;;;
OWID_SCT;Europe;Scotland;09.01.2023;;;;;;;;;;;;;;14;2,561;1275;233,26;;;;;;;;;;;;;;;;;;;;;;;;;;;;;;;;;;;;;;;;;;5466000;;;;
SEN;Africa;Senegal;18.01.2023;88900;0;0;1968;0;0;5133,846;0;0;113,649;0;0;;;;;;;;;;;;;;;;;;;;;;;;;;;;;;;;;82,328;18.sty;3,008;1,796;2470,58;38;241,219;sty.00;0,4;16.sty;20,859;;67,94;0,512;17316452;;;;
SRB;Europe;Serbia;18.01.2023;2462353;963;865,714;17630;8;7,571;358340,414;140,143;125,985;2565,652;1,164;1,102;;16;2,328;295;42,931;;;;;;;;;;;;;;;;;;;;;;;;;;;;80,291;41,2;17,366;;14048,881;;439,415;10.sty;37,7;40,2;97,719;5,609;76;0,806;6871547;;;;
SYC;Africa;Seychelles;18.01.2023;50355;0;0;172;0;0;470014,468;0;0;1605,451;0;0;;;;;;;;;;;;;;;;;;;;;;;;;;;;;;;;;208,354;36,2;8,606;5,586;26382,287;01.sty;242,648;sty.00;07.sty;35,7;;03.sty;73,4;0,796;107135;;;;
SLE;Africa;Sierra Leone;18.01.2023;7760;0;0;126;0;0;901,726;0;0;14,641;0;0;;;;;;;;;;;;;;;;;;;;;;;;;;;;;;;;;104,7;19.sty;2,538;1,285;1390,3;52,2;325,721;sty.00;08.sty;41,3;19,275;;54,7;0,452;8605723;;;;
SGP;Asia;Singapore;18.01.2023;2213091;407;426;1718;1;0,143;392599,319;72,201;75,572;304,771;0,177;0,025;;;;;;3;0,532;91;16,143;;;;;;;;;;;5161990;5120768;;;;;91,57;90,84;;;175;0,003;;7915,731;42,4;12,922;7,049;85535,383;;92,243;sty.00;05.sty;28.sty;;02.sty;83,62;0,938;5637022;;;;
SVK;Europe;Slovakia;18.01.2023;2659532;124;112,429;20888;6;4,143;471259,539;21,972;19,922;3701,279;1,063;0,734;;21;3,721;325;57,589;3;0,549;120;21,246;;;;;;;;;;;;;;;;;;;;;;;;113,128;41,2;15.sty;9,167;30155,152;0,7;287,959;sty.00;23.sty;37,7;;sty.00;77,54;0,86;5643455;;;;
SVN;Europe;Slovenia;18.01.2023;1318579;445;382,286;7039;1;1,286;622017,291;209,921;180,337;3320,529;0,472;0,607;;21;9,906;93;43,871;16;7,587;94;44,571;;;;;;;;;;;;;;;;;;;;;;;;102,619;44,5;19,062;sty.00;31400,84;;153,493;sty.00;20.sty;25;;04.sty;81,32;0,917;2119843;;;;
SLB;Oceania;Solomon Islands;18.01.2023;24575;0;0;153;0;0;33930,623;0;0;211,247;0;0;;;;;;;;;;;;;;;;;;;;;;;;;;;;;;;;;21,841;20.sty;3,507;2,043;2205,923;25.sty;459,78;18,68;;;35,89;01.sty;73;0,567;724272;;;;
SOM;Africa;Somalia;18.01.2023;27310;0;0;1361;0;0;1551,924;0;0;77,34;0;0;;;;;;;;;;;;;;;;;;;;;;;;;;;;;;;;;23.sty;16.sty;2,731;1,496;;;365,769;06.sty;;;9,831;0,9;57,4;;17597508;;;;
ZAF;Africa;South Africa;18.01.2023;4052988;874;299,714;102568;0;0;67669,48;14,592;5,004;1712,495;0;0;;;;;;;;;;;;;;;;;;;;;;;;;;;;;;;;;46,754;27.sty;5,344;3,053;12294,876;18.sty;200,38;sty.00;08.sty;33,2;43,993;sty.00;64,13;0,709;59893884;;;;
OWID_SAM;;South America;18.01.2023;67387695;21720;24005,857;1344323;252;156,714;154269,968;49,723;54,956;3077,545;0,577;0,359;;;;;;;;;;;;;;;;;;;947643038;374228530;335592227;247276983;93777;221537;216,94;85,67;76,83;56,61;507;22770;0,005;;;;;;;;;;;;;;;;436816679;;;;
KOR;Asia;South Korea;18.01.2023;29927958;29816;32845;33104;47;40,429;577583,544;575,423;633,88;638,878;0,907;0,78;;499;sty.00;1927;37,189;530;10,229;1031;19,897;;;;;;;;;;;44866920;44447944;;;;;86,59;85,78;;;209;0;;527,967;43,4;13,914;8,622;35938,374;0,2;85,998;06.sty;06.sty;40,9;;sty.00;83,03;0,916;51815808;;;;
SSD;Africa;South Sudan;18.01.2023;18368;0;0;138;0;0;1683,104;0;0;12,645;0;0;;;;;;;;;;;;;;;;;;;;;;;;;;;;;;;;;;19.sty;3,441;2,032;1569,888;;280,775;sty.00;;;;;57,85;0,433;10913172;;;;
ESP;Europe;Spain;18.01.2023;13711251;17773;2539;117759;346;49,429;288302,048;373,707;53,387;2476,08;7,275;1,039;;213;4,479;2811;59,106;141;2,965;2305;48,466;;;;;;;;;;104536856;41335276;40722262;26420970;;29391;219,81;86,91;85,63;55,55;618;145;0;;93,105;45,5;19,436;13,799;34272,36;1;99,403;sty.00;27.sty;31,4;;sty.00;83,56;0,904;47558632;;;;
LKA;Asia;Sri Lanka;18.01.2023;671970;2;3,143;16824;0;0,429;30778,92;0,092;0,144;770,607;0;0,02;;;;;;;;;;;;;;;;;;;;;;;;;;;;;;;;;341,955;34,1;10,069;5,331;11669,077;0,7;197,093;sty.00;0,3;27;;03.sty;76,98;0,782;21832150;;;;
SDN;Africa;Sudan;18.01.2023;63725;8;3,286;5001;3;0,857;1359,49;0,171;0,07;106,69;0,064;0,018;;;;;;;;;;;;;;;;;;;;;;;;;;;;;;;;;23,258;19.sty;3,548;2,034;4466,507;;431,388;15,67;;;23,437;0,8;65,31;0,51;46874200;;;;
SUR;South America;Suriname;18.01.2023;82020;0;0;1398;0;0;132708,569;0;0;2261,968;0;0;;;;;;;;;;;;;;;;;;;;;;;;;;;;;;;;;3,612;29.sty;6,933;4,229;13767,119;;258,314;sty.00;07.sty;42,9;67,779;03.sty;71,68;0,738;618046;;;;
SWE;Europe;Sweden;18.01.2023;2687840;4484;640,571;22645;503;71,857;254787,286;425,05;60,721;2146,578;47,681;6,812;;;;;;;;;;;;;;;;;;;25537528;7816354;7633885;9780644;;2248;242,08;74,09;72,36;92,71;213;52;0;;24,718;41;19,985;13,433;46949,283;0,5;133,982;sty.00;18.sty;18.sty;;sty.00;82,8;0,945;10549349;;;;
CHE;Europe;Switzerland;18.01.2023;4406243;1263;180,429;14243;6;6;504119,629;144,5;20,643;1629,546;0,686;0,686;;25;sty.00;465;53,201;;;51;5,835;;;;;;;;;;16899172;6095609;6011907;4856895;1561;1694;193,34;69,74;68,78;55,57;194;23;0;;214,243;43,1;18,436;12,644;57410,166;;99,739;sty.00;22.sty;28.sty;;sty.00;83,78;0,955;8740471;;;;
SYR;Asia;Syria;18.01.2023;57441;0;2,571;3164;0;0,143;2596,175;0;0,116;143,004;0;0,006;;;;;;;;;;;;;;;;;;;4971203;3209797;2257085;75881;;1140;22,47;14,51;10.sty;0,34;52;1140;0,005;;;21.sty;;2,577;;;376,264;;;;70,598;01.sty;72,7;0,567;22125242;;;;
TWN;Asia;Taiwan;18.01.2023;9266087;21021;20414,571;15929;26;39,286;387809,544;879,783;854,402;666,67;1,088;1,644;;;;;;;;;;;;;;;;;;;;;;;;;;;;;;;;;;42,2;;8,353;;;103,957;;;;;;80,46;;23893396;;;;
TJK;Asia;Tajikistan;18.01.2023;17786;0;0;125;0;0;1787,037;0;0;12,559;0;0;;;;;;;;;;;;;;;;;;;;;;;;;;;;;;;;;64,281;23.sty;3,466;2,155;2896,913;04.sty;427,698;07.sty;;;72,704;04.sty;71,1;0,668;9952789;;;;
TZA;Africa;Tanzania;18.01.2023;42530;0;9;846;0;0;649,335;0;0,137;12,916;0;0;;;;;;;;;;;;;;;;;;;;;;;;;;;;;;;;;64,699;17.sty;3,108;1,874;2683,304;49,1;217,288;sty.00;03.sty;26.sty;47,953;0,7;65,46;0,529;65497752;;;;
THA;Asia;Thailand;18.01.2023;4752782;0;0;34668;0;0;66289,809;0;0;483,535;0;0;;;;;;;;;;;;;;;;;;;;;;;;;;;;;;;;;135,132;40,1;11,373;sty.00;16277,671;0,1;109,861;07.sty;01.sty;38,8;90,67;02.sty;77,15;0,777;71697024;;;;
TLS;Asia;Timor;18.01.2023;23407;0;0,429;138;0;0;17451,006;0;0,32;102,885;0;0;;;;;;;;;;;;;;;;;;;;;;;;;;;;;;;;;87,176;18;3,556;1,897;6570,102;30.sty;335,346;sty.00;06.sty;78,1;28,178;05.sty;69,5;0,606;1341298;;;;
TGO;Africa;Togo;18.01.2023;39352;0;0,286;290;0;0;4447,207;0;0,032;32,773;0;0;;;;;;;;;;;;;;;;;;;;;;;;;;;;;;;;;143,366;19.sty;2,839;1,525;1429,813;49,2;280,033;sty.00;0,9;14.sty;10,475;0,7;61,04;0,515;8848700;;;;
TON;Oceania;Tonga;18.01.2023;16590;0;0;13;0;0,143;155239,69;0;0;121,647;0;1,337;;;;;;;;;;;;;;;;;;;;;;;;;;;;;;;;;150,028;22.sty;sty.00;4,032;5425,621;;227,49;15,42;11.sty;44,4;;02.sty;70,91;0,725;106867;;;;
TTO;North America;Trinidad and Tobago;18.01.2023;187204;519;74,143;4309;12;1,714;122272,203;338,985;48,426;2814,421;7,838;01.sty;;;;;;;;;;;;;;;;;;;;;;;;;;;;;;;;;266,886;36,2;10,014;5,819;28763,071;;228,467;sty.00;;;89,443;3;73,51;0,796;1531043;;;;
TUN;Africa;Tunisia;18.01.2023;1150217;2488;355,429;29291;0;0,429;93088,88;201,358;28,765;2370,567;0;0,035;;;;;;;;;;;;;;;;;;;13241985;7217359;6398469;1254815;;59;107,17;58,41;51,78;sty.00;5;8;0;;74,228;32,7;8,001;5,075;10849,297;2;318,991;sty.00;01.sty;65,8;78,687;02.sty;76,7;0,74;12356116;;;;
TUR;Asia;Turkey;18.01.2023;17042722;0;0;101492;0;0;199700,876;0;0;1189,249;0;0;;;;;;;;;;;;;;;;;;;;;;;;;;;;;;;;;104,914;31,6;8,153;5,061;25129,341;0,2;171,285;sty.00;14.sty;41,1;;sty.00;77,69;0,82;85341248;;;;
TCA;North America;Turks and Caicos Islands;18.01.2023;6522;43;6,143;38;2;0,286;142632,2;940,384;134,341;831,037;43,739;6,248;;;;;;;;;;;;;;;;;;;73907;32815;30710;7443;;7;161,63;71,76;67,16;16,28;153;3;0,007;;37,312;;;;;;;;;;;;80,22;;45726;;;;
TUV;Oceania;Tuvalu;18.01.2023;2805;0;0;;;;247463,608;0;0;;;;;;;;;;;;;;;;;;;;;;;;;;;;;;;;;;;;373,067;;;;3575,104;03.sty;;27,25;;;;;67,57;;11335;;;;
UGA;Africa;Uganda;18.01.2023;170279;0;0;3630;0;0;3603,82;0;0;76,826;0;0;;;;;;;;;;;;;;;;;;;;;;;;;;;;;;;;;213,759;16.sty;2,168;1,308;1697,707;41,6;213,333;02.sty;03.sty;16.sty;21,222;0,5;63,37;0,544;47249588;;;;
UKR;Europe;Ukraine;18.01.2023;5672948;36;469,857;118861;0;10,143;142889,139;0,907;11,835;2993,848;0;0,255;;;;;;;;;;;;;;;;;;;;;;;;;;;;;;;;;77,39;41,4;16,462;11,133;7894,393;0,1;539,849;07.sty;13.sty;47,4;;08.sty;72,06;0,779;39701744;;;;
ARE;Asia;United Arab Emirates;18.01.2023;1048275;57;83;2348;0;0;111032,695;6,037;8,791;248,699;0;0;;;;;;;;;;;;;;;;;;;;;;;;;;;;;;;;;112,442;34;1,144;0,526;67293,483;;317,84;17,26;01.sty;37,4;;01.sty;77,97;0,89;9441138;;;;
GBR;Europe;United Kingdom;18.01.2023;24243393;33262;4751,714;214878;0;0;359113,836;492,705;70,386;3182,956;0;0;;;;11557;171,192;;;;;;;;;;;;;;;;;;;;;;;;;;;;272,898;40,8;18,517;12,527;39753,244;0,2;122,137;sty.00;20;24.sty;;sty.00;81,32;0,932;67508936;;;;
USA;North America;United States;18.01.2023;101858338;127694;44702,143;1102286;1574;486,571;301097,819;377,469;132,142;3258,407;4,653;1,438;;4444;13,137;34159;100,976;;;36378;107,535;;;;;;;;;;666511603;268556888;229359062;;19435;131718;200,75;80,89;69,08;;397;18420;0,006;;35,608;38,3;15,413;9,732;54225,446;01.sty;151,089;sty.00;19.sty;24.sty;;sty.00;78,86;0,926;338289856;;;;
OWID_UMC;;Upper middle income;18.01.2023;143774951;33397;33838,714;2517701;337;242,857;56919,806;13,222;13,397;996,746;0,133;0,096;;;;;;;;;;;;;;;;;;;5394080282;2106406339;1987326562;1248648363;1718058;1231853;213,55;83,39;78,68;49,43;488;138379;0,005;;;;;;;;;;;;;;;;2525921300;;;;
URY;South America;Uruguay;18.01.2023;1029564;3754;536,286;7597;11;1,571;300796,191;1096,764;156,681;2219,53;3,214;0,459;;;;;;;;;;;;;;;;;;;8866654;3005007;2897256;2964391;6769;10978;259,05;87,79;84,65;86,61;3207;58;0,002;;19,751;35,6;14,655;10,361;20551,409;0,1;160,708;sty.00;14;19.sty;;02.sty;77,91;0,817;3422796;;;;
UZB;Asia;Uzbekistan;18.01.2023;250307;34;29,286;1637;0;0;7228,53;0,982;0,846;47,274;0;0;;;;;;;;;;;;;;;;;;;73472066;21542014;17867908;15050190;;56574;212,18;62,21;51,6;43,46;1634;9222;0,027;;76,134;28.sty;4,469;2,873;6253,104;;724,417;sty.00;01.sty;24.sty;;4;71,72;0,72;34627648;;;;
VUT;Oceania;Vanuatu;18.01.2023;12014;0;0;14;0;0;36768,847;0;0;42,847;0;0;;;;;;;;;;;;;;;;;;;;;;;;;;;;;;;;;22,662;23.sty;4,394;sty.00;2921,909;13.sty;546,3;12.sty;02.sty;34,5;25,209;;70,47;0,609;326744;;;;
VAT;Europe;Vatican;18.01.2023;29;0;0;;;;35891,089;0;0;;;;;;;;;;;;;;;;;;;;;;;;;;;;;;;;;;;;;;;;;;;;;;;;75,12;;808;;;;
VEN;South America;Venezuela;18.01.2023;551062;38;37,143;5837;0;0,429;19470,986;1,343;1,312;206,242;0;0,015;;;;;;;;;;;;;;;;;;;;;14966671;;;;;;52,88;;;;;;36,253;29;6,614;3,915;16745,022;;204,85;sty.00;;;;0,8;72,06;0,711;28301700;;;;
VNM;Asia;Vietnam;18.01.2023;11526254;41;44;43186;0;0;117391,008;0,418;0,448;439,835;0;0;;;;;;;;;;;;;;;;;;;265536860;90450881;85848363;57452750;;14307;270,44;92,12;87,43;58,51;146;1673;0,002;;308,127;32,6;sty.00;4,718;6171,884;2;245,465;6;1;45,9;85,847;02.sty;75,4;0,704;98186856;;;;
OWID_WLS;Europe;Wales;10.01.2023;;;;;;;;;;;;;;16;5,047;604;190,536;;;101;31,861;;;;;;;;;;;;;;;;;;;;;;;;;;;;;;;;;;;;;;3170000;;;;
WLF;Oceania;Wallis and Futuna;18.01.2023;3427;0;0;7;0;0;295532,942;0;0;603,656;0;0;;;;;;;;;;;;;;;;;;;;;;;;;;;;;;;;;;;;;;;;;;;;;79,94;;11596;;;;
OWID_WRL;;World;18.01.2023;667815950;376674;323253,571;6729568;3065;2005,571;83737,574;47,231;40,533;843,822;0,384;0,251;;;;;;;;;;;;;;;;;;;13222772118;5522740400;5069997858;2705928666;2309047;2074135;165,8;69,25;63,57;33,93;260;215955;0,003;;58,045;30.sty;8,696;5,355;15469,207;10;233,07;sty.00;6,434;34,635;60,13;2,705;72,58;0,737;7975105024;;;;
YEM;Asia;Yemen;18.01.2023;11945;0;0;2159;0;0;354,487;0;0;64,072;0;0;;;;;;;;;;;;;;;;;;;;;;;;;;;;;;;;;53,508;20.sty;2,922;1,583;1479,147;18.sty;495,003;sty.00;07.sty;29,2;49,542;0,7;66,12;0,47;33696612;;;;
ZMB;Africa;Zambia;18.01.2023;338090;310;251,571;4037;0;0,857;16889,578;15,486;12,567;201,672;0;0,043;;;;;;;;;;;;;;;;;;;12673375;;8638051;;;1967;63,31;;43,15;;98;;;;22,995;17.sty;sty.00;1,542;3689,251;57,5;234,499;sty.00;03.sty;24.sty;13,938;2;63,89;0,584;20017670;;;;
ZWE;Africa;Zimbabwe;18.01.2023;259981;0;0;5637;0;0;15929,682;0;0;345,393;0;0;;;;;;;;;;;;;;;;;;;;;;;;;;;;;;;;;42,729;19.sty;2,822;1,882;1899,775;21.sty;307,846;sty.00;01.sty;30.sty;36,791;01.sty;61,49;0,571;16320539;;;;
